id,vehicle_id,date,liters,amount,odometer_km
1,1,2025-08-21,75.29,7243.76,50434.0
2,1,2025-08-23,282.36,27662.72,52307.0
3,1,2025-08-23,184.53,17969.12,53405.0
4,1,2025-08-25,182.44,17918.57,54538.0
5,1,2025-08-28,190.33,17389.36,55645.0
6,1,2025-08-29,305.6,29807.81,57484.0
7,1,2025-08-30,180.68,17604.17,58583.0
8,1,2025-09-02,177.85,16566.21,59724.0
9,1,2025-09-03,171.44,16489.34,60858.0
10,1,2025-09-04,175.33,17082.42,62034.0
11,1,2025-09-09,169.96,16445.87,63128.0
12,1,2025-09-11,185.63,18185.47,64292.0
13,1,2025-09-13,181.11,17141.52,65460.0
14,1,2025-09-15,282.22,27366.47,67255.0
15,1,2025-09-18,178.06,17164.78,68367.0
16,1,2025-09-18,171.25,16648.53,69453.0
17,1,2025-09-21,269.68,24618.83,71224.0
18,1,2025-09-23,193.26,17838.14,72375.0
19,1,2025-09-25,67.33,6207.93,72827.0
20,1,2025-09-26,322.65,30500.09,74690.0
21,1,2025-09-27,378.15,37085.48,77198.0
22,1,2025-09-27,277.48,27037.21,78971.0
23,1,2025-10-01,192.58,18884.51,80080.0
24,1,2025-10-03,189.24,17988.38,81207.0
25,1,2025-10-06,315.66,29128.0,83057.0
26,1,2025-10-09,69.55,6552.35,83496.0
27,1,2025-10-11,182.2,17366.06,84654.0
28,1,2025-10-13,198.25,19278.34,85807.0
29,1,2025-10-15,178.64,17022.93,86933.0
30,1,2025-10-16,424.67,39321.82,89376.0
31,1,2025-10-16,364.49,34425.63,91807.0
32,1,2025-10-17,403.72,36652.35,94301.0
33,1,2025-10-18,296.67,28857.51,96117.0
34,1,2025-10-21,177.51,16169.08,97259.0
35,1,2025-10-21,177.72,16367.7,98416.0
36,1,2025-10-23,174.45,15866.86,99550.0
37,1,2025-10-27,181.29,17179.59,100704.0
38,1,2025-10-28,294.53,28683.11,102592.0
39,1,2025-10-30,289.76,27712.91,104354.0
40,1,2025-11-03,398.14,37924.2,106835.0
41,1,2025-11-05,307.46,29038.41,108643.0
42,1,2025-11-06,402.61,39231.76,111129.0
43,1,2025-11-07,305.39,28975.3,112968.0
44,1,2025-11-09,187.44,17509.31,114087.0
45,1,2025-11-10,278.28,26863.86,115895.0
46,1,2025-11-12,77.05,7551.33,116353.0
47,1,2025-11-13,183.39,16865.98,117486.0
48,1,2025-11-14,70.33,6668.84,117927.0
49,1,2025-11-16,294.49,27805.23,119739.0
50,1,2025-11-18,77.57,7530.39,120193.0
51,1,2025-11-21,171.16,15838.48,121318.0
52,1,2025-11-24,270.67,25976.82,123131.0
53,1,2025-11-27,181.54,16968.95,124303.0
54,1,2025-11-28,180.75,17625.29,125439.0
55,1,2025-11-29,286.32,27572.61,127210.0
56,1,2025-11-30,170.78,15791.67,128341.0
57,1,2025-11-30,279.43,26195.61,130183.0
58,1,2025-12-02,290.04,27069.39,131993.0
59,1,2025-12-03,178.75,16866.01,133088.0
60,1,2025-12-05,270.6,25282.31,134874.0
61,1,2025-12-08,65.9,6029.54,135318.0
62,1,2025-12-12,173.23,15819.41,136436.0
63,1,2025-12-14,68.77,6297.23,136885.0
64,1,2025-12-14,186.1,17872.43,138002.0
65,1,2025-12-16,67.17,6367.15,138449.0
66,1,2025-12-16,173.01,16201.0,139594.0
67,1,2025-12-20,307.8,29965.52,141399.0
68,1,2025-12-21,371.85,35442.07,143866.0
69,1,2025-12-25,292.81,26612.77,145612.0
70,1,2025-12-27,273.02,26232.15,147349.0
71,1,2025-12-29,185.33,17304.19,148521.0
72,1,2025-12-29,279.65,26211.84,150349.0
73,1,2025-12-30,280.64,27057.46,152124.0
74,1,2025-12-30,73.22,6692.41,152578.0
75,1,2026-01-01,193.6,17853.33,153722.0
76,1,2026-01-02,404.44,37653.06,156177.0
77,1,2026-01-03,196.12,18317.43,157329.0
78,1,2026-01-05,429.43,39050.77,159874.0
79,1,2026-01-06,78.77,7652.87,160327.0
80,1,2026-01-08,415.61,39003.66,162863.0
81,1,2026-01-10,276.57,26712.03,164679.0
82,1,2026-01-14,190.52,17825.71,165778.0
83,1,2026-01-14,309.54,29689.31,167579.0
84,1,2026-01-19,412.69,39707.19,170077.0
85,1,2026-01-20,419.67,40620.08,172582.0
86,1,2026-01-23,307.37,28422.99,174401.0
87,1,2026-01-24,409.39,39847.41,176876.0
88,1,2026-01-27,189.69,18113.8,177992.0
89,1,2026-01-29,190.71,18145.39,179090.0
90,1,2026-01-31,171.32,16469.97,180239.0
91,1,2026-02-01,288.83,28209.11,182057.0
92,1,2026-02-03,280.49,25686.4,183936.0
93,1,2026-02-03,180.24,17296.33,185070.0
94,1,2026-02-05,310.0,29889.6,186888.0
95,1,2026-02-06,175.59,17012.94,188024.0
96,1,2026-02-07,297.91,27451.55,189853.0
97,1,2026-02-10,187.51,17058.6,190960.0
98,1,2026-02-14,273.3,25800.12,192748.0
99,1,2026-02-15,300.16,28538.63,194548.0
100,1,2026-02-16,181.9,16750.88,195712.0
101,1,2026-02-19,173.5,16544.45,196832.0
102,1,2026-02-20,177.35,16530.26,197944.0
103,1,2026-02-21,187.57,18407.06,199048.0
104,1,2026-02-23,302.9,29077.92,200828.0
105,1,2026-02-27,195.9,17965.41,201979.0
106,1,2026-02-28,173.31,15732.89,203114.0
107,1,2026-03-01,268.3,26301.44,204887.0
108,1,2026-03-03,74.58,7018.23,205339.0
109,1,2026-03-03,279.58,26589.1,207128.0
110,1,2026-03-05,298.9,27836.57,208925.0
111,1,2026-03-06,178.45,17098.1,210080.0
112,1,2026-03-10,408.52,38762.34,212530.0
113,1,2026-03-12,397.61,38804.78,215026.0
114,1,2026-03-16,75.9,7279.94,215481.0
115,1,2026-03-17,67.51,6351.58,215932.0
116,1,2026-03-18,294.04,28778.0,217738.0
117,1,2026-03-19,180.57,17232.17,218826.0
118,1,2026-03-21,278.81,27300.48,220569.0
119,1,2026-03-23,370.62,34380.89,223049.0
120,1,2026-03-24,409.52,37429.78,225564.0
121,1,2026-03-24,173.31,16647.12,226698.0
122,1,2026-03-28,178.83,16697.88,227841.0
123,1,2026-03-28,74.46,7254.78,228282.0
124,1,2026-03-31,71.9,6785.22,228718.0
125,1,2026-04-01,296.38,28813.1,230495.0
126,1,2026-04-02,300.13,28486.67,232334.0
127,1,2026-04-02,276.85,25405.84,234184.0
128,1,2026-04-03,183.09,17492.08,235342.0
129,1,2026-04-07,273.27,24962.02,237154.0
130,1,2026-04-08,428.26,41211.9,239655.0
131,1,2026-04-10,312.89,30432.1,241496.0
132,1,2026-04-12,315.46,30228.18,243318.0
133,1,2026-04-14,175.56,16884.55,244486.0
134,1,2026-04-18,68.25,6489.46,244910.0
135,1,2026-04-20,319.78,29298.55,246749.0
136,1,2026-04-22,200.39,18569.67,247911.0
137,1,2026-04-25,73.25,6690.31,248350.0
138,1,2026-04-25,314.98,30614.11,250159.0
139,1,2026-04-29,166.89,15867.54,251272.0
140,1,2026-05-01,310.32,28556.92,253107.0
141,1,2026-05-03,297.57,28096.9,254848.0
142,1,2026-05-04,76.36,7033.77,255289.0
143,1,2026-05-06,312.0,29882.64,257080.0
144,1,2026-05-06,187.06,18155.91,258229.0
145,1,2026-05-08,183.9,16761.92,259376.0
146,1,2026-05-10,179.22,16720.48,260465.0
147,1,2026-05-12,280.44,25642.94,262251.0
148,1,2026-05-15,184.41,17743.25,263350.0
149,1,2026-05-17,292.9,26933.83,265151.0
150,1,2026-05-17,394.07,37453.84,267632.0
151,1,2026-05-19,296.07,28349.68,269434.0
152,1,2026-05-20,73.52,6752.53,269874.0
153,1,2026-05-23,288.66,27755.76,271705.0
154,1,2026-05-25,296.35,27366.78,273528.0
155,1,2026-05-27,405.97,38087.81,276061.0
156,1,2026-05-28,74.33,7119.31,276504.0
157,1,2026-05-29,194.78,18801.75,277626.0
158,1,2026-05-29,184.83,17031.4,278715.0
159,1,2026-05-31,163.68,15785.55,279816.0
160,1,2026-06-01,185.7,17985.15,280977.0
161,1,2026-06-03,403.1,36754.82,283468.0
162,1,2026-06-05,198.45,19061.51,284621.0
163,1,2026-06-06,188.84,18472.03,285747.0
164,1,2026-06-08,167.54,15830.57,286844.0
165,1,2026-06-10,408.22,39778.58,289347.0
166,1,2026-06-13,277.41,25736.0,291132.0
167,1,2026-06-17,186.94,17936.28,292260.0
168,1,2026-06-18,194.98,18485.58,293427.0
169,1,2026-06-21,430.6,39636.65,295924.0
170,1,2026-06-21,288.11,27993.65,297755.0
171,1,2026-06-24,295.47,27405.7,299537.0
172,1,2026-06-26,179.61,16893.67,300670.0
173,1,2026-06-29,296.85,27739.42,302519.0
174,1,2026-06-30,67.5,6428.87,302967.0
175,1,2026-07-03,175.06,16472.7,304052.0
176,1,2026-07-03,187.32,17811.66,305213.0
177,1,2026-07-07,311.93,30200.35,307042.0
178,1,2026-07-09,286.09,27608.39,308872.0
179,1,2026-07-11,269.39,25330.08,310669.0
180,1,2026-07-12,182.8,17953.91,311821.0
181,1,2026-07-13,268.46,24608.22,313612.0
182,1,2026-07-14,408.76,39876.67,316082.0
183,1,2026-07-15,175.55,17154.99,317231.0
184,1,2026-07-18,177.79,16142.99,318384.0
185,1,2026-07-18,146.76,13825.65,319227.0
186,1,2026-07-20,295.73,26916.31,320983.0
187,1,2026-07-25,175.69,16053.38,322122.0
188,1,2026-07-27,273.71,25138.27,323921.0
189,1,2026-07-30,185.78,17525.91,325091.0
190,1,2026-07-31,178.24,17124.13,326267.0
191,1,2026-08-02,177.17,16920.64,327368.0
192,1,2026-08-03,169.66,16415.9,328500.0
193,1,2026-08-05,396.77,38767.02,331000.0
194,1,2026-08-07,181.14,16719.07,332105.0
195,1,2026-08-08,293.17,27107.09,333925.0
196,1,2026-08-08,168.77,15990.48,335037.0
197,1,2026-08-09,419.96,38604.2,337561.0
198,1,2026-08-11,283.42,27630.0,339328.0
199,1,2026-08-12,288.84,26589.68,341120.0
200,1,2026-08-14,193.38,17847.68,342272.0
201,2,2025-08-22,345.2,31915.25,51803.0
202,2,2025-08-25,383.45,36912.37,53626.0
203,2,2025-08-26,211.91,20334.51,54776.0
204,2,2025-08-27,353.86,32657.24,56652.0
205,2,2025-08-28,213.5,20088.36,57773.0
206,2,2025-08-31,211.35,19546.39,58884.0
207,2,2025-09-02,92.67,8850.3,59334.0
208,2,2025-09-06,219.32,20505.91,60424.0
209,2,2025-09-08,338.38,32349.36,62224.0
210,2,2025-09-09,221.73,20482.2,63375.0
211,2,2025-09-11,228.33,22096.47,64500.0
212,2,2025-09-13,532.16,51042.12,67057.0
213,2,2025-09-18,217.57,20430.8,68149.0
214,2,2025-09-19,225.79,22008.95,69270.0
215,2,2025-09-20,213.76,20756.46,70375.0
216,2,2025-09-24,355.58,34214.94,72210.0
217,2,2025-09-26,469.52,44332.32,74720.0
218,2,2025-09-27,88.86,8510.51,75167.0
219,2,2025-09-28,346.92,32320.31,76962.0
220,2,2025-09-29,231.41,21781.13,78095.0
221,2,2025-10-01,235.38,21999.05,79268.0
222,2,2025-10-03,215.49,21115.66,80388.0
223,2,2025-10-08,515.94,49037.89,82913.0
224,2,2025-10-10,228.35,21775.23,84036.0
225,2,2025-10-11,242.88,23276.93,85175.0
226,2,2025-10-14,518.02,47309.51,87694.0
227,2,2025-10-16,208.51,19175.76,88822.0
228,2,2025-10-17,513.25,49760.75,91287.0
229,2,2025-10-21,401.27,38823.51,93155.0
230,2,2025-10-24,524.93,50508.55,95705.0
231,2,2025-10-24,212.63,19926.83,96798.0
232,2,2025-10-26,369.09,35539.2,98539.0
233,2,2025-10-29,232.46,22437.24,99676.0
234,2,2025-10-30,90.06,8322.08,100116.0
235,2,2025-11-03,362.72,34197.96,101931.0
236,2,2025-11-04,243.09,23113.59,103086.0
237,2,2025-11-06,342.62,32531.98,104871.0
238,2,2025-11-09,524.4,47926.19,107402.0
239,2,2025-11-10,84.94,7920.97,107846.0
240,2,2025-11-12,342.06,32246.47,109659.0
241,2,2025-11-13,479.66,44694.06,112198.0
242,2,2025-11-14,336.82,32280.04,113955.0
243,2,2025-11-20,223.64,21432.37,115128.0
244,2,2025-11-20,348.65,33220.56,116951.0
245,2,2025-11-23,94.75,8802.33,117395.0
246,2,2025-11-26,499.66,46643.5,119871.0
247,2,2025-11-28,227.18,21357.58,121023.0
248,2,2025-11-28,215.19,20286.43,122153.0
249,2,2025-12-01,213.88,19490.15,123273.0
250,2,2025-12-02,326.29,29962.57,125042.0
251,2,2025-12-06,239.81,22445.07,126162.0
252,2,2025-12-09,343.46,33087.55,127959.0
253,2,2025-12-10,214.75,20116.37,129059.0
254,2,2025-12-12,339.27,32585.15,130840.0
255,2,2025-12-12,84.13,8096.43,131284.0
256,2,2025-12-18,94.78,8922.65,131728.0
257,2,2025-12-20,234.66,21403.93,132883.0
258,2,2025-12-21,216.3,19779.71,134058.0
259,2,2025-12-23,322.15,29250.58,135798.0
260,2,2025-12-23,354.26,34737.28,137600.0
261,2,2025-12-25,361.46,33360.08,139338.0
262,2,2025-12-27,216.18,20109.09,140434.0
263,2,2025-12-29,90.54,8595.13,140868.0
264,2,2026-01-02,233.22,22064.15,142004.0
265,2,2026-01-04,515.9,47892.14,144531.0
266,2,2026-01-09,539.32,52167.98,147031.0
267,2,2026-01-11,236.38,22330.43,148194.0
268,2,2026-01-12,357.78,34994.34,150045.0
269,2,2026-01-15,375.64,35666.54,151882.0
270,2,2026-01-17,479.5,46223.82,154365.0
271,2,2026-01-20,514.47,48300.17,156851.0
272,2,2026-01-21,355.36,33564.56,158701.0
273,2,2026-01-22,225.69,22127.44,159796.0
274,2,2026-01-26,371.67,36196.49,161578.0
275,2,2026-01-28,341.31,33397.9,163392.0
276,2,2026-01-30,224.89,21062.93,164488.0
277,2,2026-02-02,390.63,35697.37,166319.0
278,2,2026-02-04,368.3,35636.47,168177.0
279,2,2026-02-06,389.78,36665.17,170054.0
280,2,2026-02-06,384.08,35637.37,171838.0
281,2,2026-02-08,351.2,33470.87,173636.0
282,2,2026-02-10,221.27,21108.72,174741.0
283,2,2026-02-14,355.43,34251.67,176549.0
284,2,2026-02-16,341.13,31063.66,178355.0
285,2,2026-02-18,218.91,21187.05,179490.0
286,2,2026-02-21,219.94,20322.17,180632.0
287,2,2026-02-23,226.21,21425.71,181790.0
288,2,2026-02-25,344.06,31504.53,183604.0
289,2,2026-02-27,376.46,35259.34,185432.0
290,2,2026-03-02,370.12,33755.02,187281.0
291,2,2026-03-04,476.94,46396.71,189782.0
292,2,2026-03-04,512.79,48000.27,192297.0
293,2,2026-03-08,390.15,37126.7,194129.0
294,2,2026-03-10,346.71,32508.0,195946.0
295,2,2026-03-11,222.17,20877.95,197098.0
296,2,2026-03-12,361.05,35160.25,198859.0
297,2,2026-03-16,81.24,7479.34,199295.0
298,2,2026-03-18,335.01,32303.29,201102.0
299,2,2026-03-20,227.39,22311.67,202203.0
300,2,2026-03-21,368.57,35417.7,203986.0
301,2,2026-03-23,375.13,36592.63,205821.0
302,2,2026-03-27,460.02,44614.39,208303.0
303,2,2026-03-29,85.48,8143.52,208744.0
304,2,2026-03-30,217.19,19918.33,209881.0
305,2,2026-04-01,92.28,8833.53,210327.0
306,2,2026-04-02,216.94,20047.49,211486.0
307,2,2026-04-03,213.65,19382.57,212587.0
308,2,2026-04-07,214.26,19985.93,213718.0
309,2,2026-04-09,339.81,32159.77,215505.0
310,2,2026-04-11,385.01,37502.03,217290.0
311,2,2026-04-13,212.86,19784.11,218411.0
312,2,2026-04-17,377.11,34481.41,220195.0
313,2,2026-04-21,536.2,50909.96,222710.0
314,2,2026-04-22,92.05,8805.82,223153.0
315,2,2026-04-26,365.26,34814.54,224951.0
316,2,2026-04-27,351.86,32987.68,226802.0
317,2,2026-04-30,474.15,44292.06,229363.0
318,2,2026-05-03,89.49,8573.0,229805.0
319,2,2026-05-04,239.27,22749.62,230941.0
320,2,2026-05-06,343.32,32270.14,232781.0
321,2,2026-05-07,333.18,30245.82,234568.0
322,2,2026-05-10,368.96,35174.16,236371.0
323,2,2026-05-11,500.79,46203.86,238837.0
324,2,2026-05-12,511.23,50042.1,241294.0
325,2,2026-05-12,199.58,19491.16,242376.0
326,2,2026-05-17,362.21,33089.27,244158.0
327,2,2026-05-19,462.04,42406.83,246582.0
328,2,2026-05-21,348.82,32575.92,248390.0
329,2,2026-05-24,339.17,33003.87,250220.0
330,2,2026-05-24,334.99,30522.41,252027.0
331,2,2026-05-28,358.61,34366.71,253827.0
332,2,2026-05-29,233.55,22109.72,254995.0
333,2,2026-06-02,353.04,33940.01,256793.0
334,2,2026-06-04,366.95,34367.5,258616.0
335,2,2026-06-05,338.19,33027.74,260432.0
336,2,2026-06-07,246.14,23798.33,261588.0
337,2,2026-06-08,375.35,35895.15,263401.0
338,2,2026-06-11,235.99,22464.85,264494.0
339,2,2026-06-14,544.6,51173.82,267037.0
340,2,2026-06-16,227.02,20883.74,268141.0
341,2,2026-06-19,487.46,44399.85,270558.0
342,2,2026-06-20,359.48,35056.0,272343.0
343,2,2026-06-23,235.0,22580.96,273454.0
344,2,2026-06-24,243.94,23263.74,274604.0
345,2,2026-06-29,211.15,19446.42,275714.0
346,2,2026-07-01,89.2,8594.88,276154.0
347,2,2026-07-03,372.43,36364.25,277993.0
348,2,2026-07-07,218.46,20067.18,279097.0
349,2,2026-07-08,93.06,9016.1,279542.0
350,2,2026-07-09,219.72,20854.98,280623.0
351,2,2026-07-13,92.4,8998.74,281061.0
352,2,2026-07-14,360.98,34305.25,282828.0
353,2,2026-07-15,532.69,48520.12,285347.0
354,2,2026-07-16,87.54,8169.51,285794.0
355,2,2026-07-18,343.44,33115.5,287640.0
356,2,2026-07-18,203.21,18444.08,288611.0
357,2,2026-07-21,215.65,20010.58,289705.0
358,2,2026-07-23,543.81,52993.7,292245.0
359,2,2026-07-29,359.86,34679.52,294118.0
360,2,2026-07-30,391.97,38157.06,295977.0
361,2,2026-07-30,227.2,21470.08,297079.0
362,2,2026-08-02,86.63,8385.96,297530.0
363,2,2026-08-04,347.36,32993.28,299332.0
364,2,2026-08-06,476.26,46358.16,301800.0
365,2,2026-08-08,243.68,22127.63,302959.0
366,2,2026-08-10,391.54,38219.17,304819.0
367,2,2026-08-12,227.72,20885.65,305974.0
368,2,2026-08-13,468.38,43902.09,308408.0
369,3,2025-08-22,383.63,36652.63,52534.0
370,3,2025-08-24,274.53,24989.81,54380.0
371,3,2025-08-25,351.3,34479.64,56914.0
372,3,2025-08-27,258.51,24752.44,58728.0
373,3,2025-08-29,161.36,15076.22,59864.0
374,3,2025-08-31,70.15,6458.89,60311.0
375,3,2025-09-01,66.77,6373.85,60753.0
376,3,2025-09-02,168.93,16286.46,61910.0
377,3,2025-09-05,279.8,27089.36,63704.0
378,3,2025-09-06,152.24,14260.5,64821.0
379,3,2025-09-08,270.05,25569.59,66659.0
380,3,2025-09-09,160.52,15762.67,67820.0
381,3,2025-09-10,69.06,6432.04,68262.0
382,3,2025-09-11,257.3,24863.54,70120.0
383,3,2025-09-13,244.77,23697.81,71890.0
384,3,2025-09-15,247.42,23865.11,73692.0
385,3,2025-09-18,351.25,33774.66,76227.0
386,3,2025-09-18,161.72,15610.42,77339.0
387,3,2025-09-19,173.29,15887.78,78499.0
388,3,2025-09-21,172.51,16425.74,79606.0
389,3,2025-09-23,268.08,24413.63,81433.0
390,3,2025-09-24,259.51,23851.85,83236.0
391,3,2025-09-24,166.63,16151.96,84326.0
392,3,2025-09-26,340.34,31037.42,86822.0
393,3,2025-09-27,168.55,15924.35,87912.0
394,3,2025-09-28,157.48,15140.36,89036.0
395,3,2025-09-29,63.97,5935.28,89483.0
396,3,2025-10-01,259.87,24246.7,91297.0
397,3,2025-10-03,289.31,26247.44,93165.0
398,3,2025-10-04,176.24,16684.58,94318.0
399,3,2025-10-06,265.33,25833.44,96094.0
400,3,2025-10-08,359.45,33593.36,98671.0
401,3,2025-10-10,358.58,32937.29,101173.0
402,3,2025-10-13,278.38,27142.14,102950.0
403,3,2025-10-14,256.12,23405.33,104780.0
404,3,2025-10-16,272.8,25514.68,106630.0
405,3,2025-10-16,149.51,14256.23,107732.0
406,3,2025-10-18,162.33,14910.31,108875.0
407,3,2025-10-20,60.12,5780.72,109310.0
408,3,2025-10-20,239.42,21874.53,111077.0
409,3,2025-10-21,279.47,26576.56,112858.0
410,3,2025-10-22,174.73,16149.93,113976.0
411,3,2025-10-23,171.9,15954.9,115093.0
412,3,2025-10-24,156.42,14227.39,116195.0
413,3,2025-10-26,160.17,14852.21,117282.0
414,3,2025-10-27,367.5,35104.33,119711.0
415,3,2025-10-29,172.2,16329.88,120865.0
416,3,2025-10-31,149.36,13718.12,121960.0
417,3,2025-11-02,162.42,15386.73,123078.0
418,3,2025-11-03,245.57,23191.99,124864.0
419,3,2025-11-04,172.69,16519.57,126038.0
420,3,2025-11-07,280.48,26647.25,127857.0
421,3,2025-11-09,177.72,16341.03,128999.0
422,3,2025-11-10,166.38,15676.8,130160.0
423,3,2025-11-12,176.46,16914.78,131303.0
424,3,2025-11-15,161.9,15240.0,132403.0
425,3,2025-11-17,171.6,16697.75,133520.0
426,3,2025-11-18,261.7,25259.28,135324.0
427,3,2025-11-19,168.68,16514.44,136470.0
428,3,2025-11-20,153.63,14816.72,137569.0
429,3,2025-11-22,277.85,25520.14,139365.0
430,3,2025-11-22,252.8,23288.74,141142.0
431,3,2025-11-23,162.58,14893.04,142303.0
432,3,2025-11-24,175.78,16849.77,143415.0
433,3,2025-11-26,274.48,25587.76,145265.0
434,3,2025-11-28,249.93,23364.07,147035.0
435,3,2025-11-29,266.3,25108.14,148843.0
436,3,2025-12-01,177.67,16710.78,149964.0
437,3,2025-12-02,167.26,16331.03,151113.0
438,3,2025-12-07,261.61,24801.81,152883.0
439,3,2025-12-08,159.23,15296.13,154001.0
440,3,2025-12-09,251.61,24091.09,155836.0
441,3,2025-12-11,278.19,25896.86,157690.0
442,3,2025-12-13,166.16,16106.44,158788.0
443,3,2025-12-14,262.69,25031.31,160558.0
444,3,2025-12-15,259.63,25026.3,162361.0
445,3,2025-12-17,166.47,15221.72,163512.0
446,3,2025-12-20,271.88,25272.51,165367.0
447,3,2025-12-22,153.08,14992.73,166450.0
448,3,2025-12-23,157.19,15233.94,167611.0
449,3,2025-12-24,281.26,25689.42,169434.0
450,3,2025-12-27,166.14,15814.44,170591.0
451,3,2025-12-28,287.55,26852.94,172420.0
452,3,2025-12-30,260.06,25424.38,174243.0
453,3,2025-12-31,240.05,23221.28,175997.0
454,3,2026-01-03,250.47,22954.75,177817.0
455,3,2026-01-04,62.09,6016.92,178259.0
456,3,2026-01-05,68.88,6734.2,178707.0
457,3,2026-01-07,267.09,25930.91,180488.0
458,3,2026-01-08,158.49,14408.69,181654.0
459,3,2026-01-09,277.87,26872.13,183472.0
460,3,2026-01-11,162.68,15129.31,184629.0
461,3,2026-01-14,266.51,25611.34,186481.0
462,3,2026-01-14,69.75,6705.32,186933.0
463,3,2026-01-16,167.2,15830.3,188029.0
464,3,2026-01-17,176.45,16642.39,189167.0
465,3,2026-01-18,150.24,14436.87,190267.0
466,3,2026-01-20,148.56,14120.41,191344.0
467,3,2026-01-21,66.14,6127.6,191793.0
468,3,2026-01-22,161.51,15773.0,192903.0
469,3,2026-01-24,168.52,15655.91,194050.0
470,3,2026-01-25,286.26,26424.96,195865.0
471,3,2026-01-27,251.44,23164.6,197674.0
472,3,2026-01-28,154.68,14080.56,198767.0
473,3,2026-01-29,154.78,14568.87,199908.0
474,3,2026-02-01,180.63,17386.35,201049.0
475,3,2026-02-03,176.91,16792.06,202197.0
476,3,2026-02-04,161.78,15560.74,203304.0
477,3,2026-02-06,63.38,5969.72,203753.0
478,3,2026-02-09,168.74,15832.84,204918.0
479,3,2026-02-11,162.06,14706.35,206038.0
480,3,2026-02-11,62.42,6000.66,206471.0
481,3,2026-02-12,384.8,36508.33,208947.0
482,3,2026-02-13,156.73,15363.99,210081.0
483,3,2026-02-14,343.95,33359.05,212571.0
484,3,2026-02-16,387.54,36632.17,215063.0
485,3,2026-02-18,65.62,6345.11,215511.0
486,3,2026-02-19,252.91,23444.26,217338.0
487,3,2026-02-20,166.6,15363.22,218453.0
488,3,2026-02-22,286.0,27507.03,220279.0
489,3,2026-02-23,272.96,26823.45,222094.0
490,3,2026-02-26,68.28,6536.68,222553.0
491,3,2026-02-28,279.2,26174.83,224337.0
492,3,2026-03-01,328.69,30497.42,226753.0
493,3,2026-03-03,176.09,16100.68,227864.0
494,3,2026-03-03,155.88,15218.53,228967.0
495,3,2026-03-05,70.33,6657.1,229410.0
496,3,2026-03-09,173.54,17055.44,230576.0
497,3,2026-03-09,331.91,31418.02,232982.0
498,3,2026-03-11,175.16,16947.7,234088.0
499,3,2026-03-13,249.27,24435.41,235899.0
500,3,2026-03-14,334.37,32540.81,238321.0
501,3,2026-03-16,260.37,24963.37,240101.0
502,3,2026-03-17,374.31,34010.75,242545.0
503,3,2026-03-18,166.59,15430.97,243628.0
504,3,2026-03-19,346.11,32473.5,246150.0
505,3,2026-03-20,271.26,26506.62,247971.0
506,3,2026-03-21,168.15,15582.97,249101.0
507,3,2026-03-22,270.79,25588.52,250907.0
508,3,2026-03-23,169.97,15687.83,251990.0
509,3,2026-03-24,154.53,14824.19,253095.0
510,3,2026-03-25,272.47,25083.92,254926.0
511,3,2026-03-27,261.28,24729.83,256713.0
512,3,2026-03-28,164.77,15655.83,257836.0
513,3,2026-03-30,276.41,25964.24,259633.0
514,3,2026-04-01,175.2,16302.63,260764.0
515,3,2026-04-02,257.69,24537.63,262587.0
516,3,2026-04-04,254.56,24660.57,264399.0
517,3,2026-04-06,276.17,26415.69,266148.0
518,3,2026-04-09,155.41,15023.35,267262.0
519,3,2026-04-09,342.13,32610.38,269709.0
520,3,2026-04-11,175.81,16600.51,270872.0
521,3,2026-04-14,332.19,32311.07,273279.0
522,3,2026-04-16,248.55,22702.96,275086.0
523,3,2026-04-18,158.34,14993.44,276192.0
524,3,2026-04-19,361.27,33275.76,278727.0
525,3,2026-04-21,162.27,15029.63,279846.0
526,3,2026-04-22,175.31,16250.43,280991.0
527,3,2026-04-27,61.71,6001.19,281440.0
528,3,2026-04-28,254.53,24887.5,283290.0
529,3,2026-04-28,275.58,26467.76,285071.0
530,3,2026-05-01,251.73,24033.82,286836.0
531,3,2026-05-01,64.27,6270.31,287284.0
532,3,2026-05-02,366.89,35841.85,289767.0
533,3,2026-05-03,66.3,6485.64,290222.0
534,3,2026-05-04,63.94,5912.83,290659.0
535,3,2026-05-05,161.91,14733.17,291819.0
536,3,2026-05-07,252.69,24454.18,293649.0
537,3,2026-05-08,362.23,34045.46,296129.0
538,3,2026-05-10,276.29,25184.29,297957.0
539,3,2026-05-11,161.34,15172.44,299042.0
540,3,2026-05-13,281.55,27481.42,300843.0
541,3,2026-05-13,150.98,14660.59,301939.0
542,3,2026-05-17,159.38,15281.14,303047.0
543,3,2026-05-19,259.48,25258.85,304914.0
544,3,2026-05-20,240.13,21994.74,306687.0
545,3,2026-05-22,355.06,33871.12,309178.0
546,3,2026-05-23,173.98,16054.25,310328.0
547,3,2026-05-25,371.03,36044.31,312762.0
548,3,2026-05-26,68.04,6473.73,313202.0
549,3,2026-05-29,257.46,24431.2,314979.0
550,3,2026-06-01,385.16,35043.72,317496.0
551,3,2026-06-01,271.32,25586.58,319291.0
552,3,2026-06-02,65.2,6401.22,319734.0
553,3,2026-06-04,69.31,6716.27,320180.0
554,3,2026-06-05,69.17,6771.06,320627.0
555,3,2026-06-07,288.25,27044.64,322444.0
556,3,2026-06-09,177.75,16194.29,323582.0
557,3,2026-06-11,255.76,24149.69,325409.0
558,3,2026-06-13,377.91,36812.75,327915.0
559,3,2026-06-14,170.54,16513.83,329058.0
560,3,2026-06-14,272.9,25827.03,330846.0
561,3,2026-06-15,158.77,14715.21,331946.0
562,3,2026-06-17,171.03,16479.04,333027.0
563,3,2026-06-18,265.08,25307.5,334873.0
564,3,2026-06-19,164.35,15460.68,336032.0
565,3,2026-06-22,279.67,26740.96,337830.0
566,3,2026-06-23,255.99,24722.59,339642.0
567,3,2026-06-24,257.0,23645.0,341406.0
568,3,2026-06-25,165.12,15320.51,342518.0
569,3,2026-06-28,260.1,24042.83,344341.0
570,3,2026-06-29,64.02,5820.89,344788.0
571,3,2026-07-01,389.35,36350.37,347313.0
572,3,2026-07-02,67.55,6373.93,347753.0
573,3,2026-07-04,262.25,24846.07,349572.0
574,3,2026-07-06,68.51,6408.2,350022.0
575,3,2026-07-06,280.74,25864.59,351907.0
576,3,2026-07-08,259.38,24709.31,353745.0
577,3,2026-07-09,276.46,26177.72,355492.0
578,3,2026-07-11,283.36,25768.99,357327.0
579,3,2026-07-12,264.66,24120.87,359139.0
580,3,2026-07-14,153.87,13960.87,360259.0
581,3,2026-07-19,250.7,24280.38,362044.0
582,3,2026-07-21,69.02,6425.06,362489.0
583,3,2026-07-24,270.37,26325.22,364243.0
584,3,2026-07-25,255.19,23595.81,366018.0
585,3,2026-07-27,269.62,25340.29,367814.0
586,3,2026-07-27,170.58,16667.66,368905.0
587,3,2026-07-28,63.29,5946.13,369351.0
588,3,2026-07-29,279.46,26927.68,371147.0
589,3,2026-07-29,257.48,25027.41,372980.0
590,3,2026-07-30,284.31,26215.35,374797.0
591,3,2026-08-01,353.34,32951.55,377293.0
592,3,2026-08-03,274.04,26329.63,379076.0
593,3,2026-08-05,286.79,26168.88,380932.0
594,3,2026-08-06,155.83,14877.5,382080.0
595,3,2026-08-07,240.22,23253.55,383841.0
596,3,2026-08-09,171.58,16338.98,384975.0
597,3,2026-08-10,160.41,15736.69,386085.0
598,3,2026-08-12,273.09,25727.45,387915.0
599,3,2026-08-14,64.42,5940.13,388375.0
600,3,2026-08-15,178.02,16179.5,389519.0
601,4,2025-08-24,138.12,12754.86,50833.0
602,4,2025-08-27,127.5,12198.41,51578.0
603,4,2025-08-28,126.66,11943.44,52290.0
604,4,2025-08-30,123.83,11255.14,52969.0
605,4,2025-09-01,147.13,14202.0,53800.0
606,4,2025-09-01,117.96,10867.34,54494.0
607,4,2025-09-02,132.53,12427.04,55326.0
608,4,2025-09-03,115.86,11173.04,56016.0
609,4,2025-09-05,134.09,12809.76,56796.0
610,4,2025-09-07,129.92,12374.95,57500.0
611,4,2025-09-10,157.67,14779.99,58362.0
612,4,2025-09-12,146.23,13895.84,59163.0
613,4,2025-09-16,116.51,10976.3,59874.0
614,4,2025-09-18,148.85,14166.09,60724.0
615,4,2025-09-21,146.95,13445.36,61518.0
616,4,2025-09-24,144.85,13412.84,62307.0
617,4,2025-09-25,138.22,13005.42,63056.0
618,4,2025-09-26,144.92,13700.4,63844.0
619,4,2025-09-29,129.43,11806.86,64596.0
620,4,2025-10-01,142.43,13732.63,65406.0
621,4,2025-10-02,125.36,11401.43,66180.0
622,4,2025-10-07,114.59,10824.93,66870.0
623,4,2025-10-08,134.58,12983.41,67648.0
624,4,2025-10-10,130.61,12570.3,68412.0
625,4,2025-10-11,134.82,12463.06,69158.0
626,4,2025-10-13,134.89,12678.76,69945.0
627,4,2025-10-14,143.39,13756.24,70756.0
628,4,2025-10-15,148.86,14492.59,71571.0
629,4,2025-10-19,149.45,14138.87,72441.0
630,4,2025-10-20,122.08,11874.77,73186.0
631,4,2025-10-24,129.01,12470.7,73901.0
632,4,2025-10-27,126.27,12359.94,74664.0
633,4,2025-10-28,123.71,11708.83,75383.0
634,4,2025-11-01,157.25,15446.74,76234.0
635,4,2025-11-01,135.89,13004.87,77015.0
636,4,2025-11-03,143.83,13686.87,77788.0
637,4,2025-11-04,124.55,11474.11,78547.0
638,4,2025-11-06,146.72,14294.88,79403.0
639,4,2025-11-09,121.99,11724.89,80172.0
640,4,2025-11-10,116.27,11092.01,80886.0
641,4,2025-11-14,120.3,11242.82,81628.0
642,4,2025-11-15,147.45,14100.1,82440.0
643,4,2025-11-17,141.28,13455.34,83245.0
644,4,2025-11-17,119.07,10999.13,83949.0
645,4,2025-11-19,146.65,13701.63,84748.0
646,4,2025-11-22,126.45,12397.57,85499.0
647,4,2025-11-22,114.38,10892.55,86216.0
648,4,2025-11-25,144.84,13441.23,87017.0
649,4,2025-11-26,144.3,13835.89,87815.0
650,4,2025-11-28,157.42,14312.12,88670.0
651,4,2025-11-30,144.32,13777.78,89461.0
652,4,2025-12-07,134.16,12737.29,90276.0
653,4,2025-12-08,124.12,11534.35,91058.0
654,4,2025-12-09,117.87,11537.37,91791.0
655,4,2025-12-11,132.57,12786.69,92536.0
656,4,2025-12-11,155.18,14226.22,93378.0
657,4,2025-12-14,124.01,12069.74,94121.0
658,4,2025-12-18,128.04,12496.7,94856.0
659,4,2025-12-19,146.22,13647.84,95652.0
660,4,2025-12-21,139.19,12856.18,96433.0
661,4,2025-12-21,129.8,12584.38,97193.0
662,4,2025-12-25,137.24,13059.24,97942.0
663,4,2025-12-28,132.04,12694.51,98737.0
664,4,2025-12-29,131.71,12774.81,99535.0
665,4,2025-12-30,148.18,14043.45,100348.0
666,4,2026-01-01,135.67,13003.5,101182.0
667,4,2026-01-02,128.61,11934.64,101936.0
668,4,2026-01-03,139.22,13543.6,102732.0
669,4,2026-01-05,139.67,12865.69,103542.0
670,4,2026-01-06,124.73,11756.07,104281.0
671,4,2026-01-11,135.21,13067.4,105032.0
672,4,2026-01-14,144.08,13439.49,105890.0
673,4,2026-01-17,140.39,13730.77,106739.0
674,4,2026-01-20,137.74,13253.85,107529.0
675,4,2026-01-22,140.67,13039.85,108302.0
676,4,2026-01-26,144.88,13883.36,109158.0
677,4,2026-01-29,124.73,11983.54,109942.0
678,4,2026-01-29,149.06,13839.84,110805.0
679,4,2026-01-30,126.53,12287.15,111496.0
680,4,2026-02-01,122.91,11277.12,112208.0
681,4,2026-02-02,124.06,11922.38,112953.0
682,4,2026-02-04,130.35,12152.98,113742.0
683,4,2026-02-06,158.34,14858.99,114601.0
684,4,2026-02-08,126.31,11794.9,115352.0
685,4,2026-02-09,122.48,11419.72,116077.0
686,4,2026-02-12,124.43,11765.76,116760.0
687,4,2026-02-15,137.43,12931.57,117537.0
688,4,2026-02-16,135.49,13077.68,118348.0
689,4,2026-02-18,138.07,13500.64,119133.0
690,4,2026-02-20,124.71,12137.12,119872.0
691,4,2026-02-23,129.67,12457.36,120651.0
692,4,2026-02-26,115.7,10887.51,121354.0
693,4,2026-02-27,149.02,14434.46,122186.0
694,4,2026-02-28,134.18,12649.1,122967.0
695,4,2026-03-02,127.51,11627.68,123768.0
696,4,2026-03-03,155.01,15109.1,124617.0
697,4,2026-03-04,122.28,11380.58,125320.0
698,4,2026-03-08,120.06,11132.11,126021.0
699,4,2026-03-09,133.06,12204.8,126801.0
700,4,2026-03-12,143.48,13731.06,127596.0
701,4,2026-03-16,112.75,10510.01,128293.0
702,4,2026-03-18,117.43,10679.98,128991.0
703,4,2026-03-20,132.67,12468.31,129728.0
704,4,2026-03-22,143.01,13829.09,130542.0
705,4,2026-03-23,125.48,12125.55,131293.0
706,4,2026-03-24,130.34,12494.31,132050.0
707,4,2026-03-25,124.18,12021.71,132787.0
708,4,2026-03-28,143.48,14045.13,133579.0
709,4,2026-03-30,134.61,12716.72,134389.0
710,4,2026-04-01,133.45,12391.75,135222.0
711,4,2026-04-03,123.54,11432.42,135958.0
712,4,2026-04-05,128.28,12240.91,136720.0
713,4,2026-04-06,137.48,12849.91,137471.0
714,4,2026-04-09,145.7,14273.73,138277.0
715,4,2026-04-12,141.28,13838.07,139036.0
716,4,2026-04-15,141.77,13712.54,139900.0
717,4,2026-04-17,150.5,14632.27,140746.0
718,4,2026-04-19,119.08,10851.31,141446.0
719,4,2026-04-20,124.75,11601.71,142140.0
720,4,2026-04-24,133.28,12511.91,142976.0
721,4,2026-04-26,138.71,12667.41,143808.0
722,4,2026-04-26,124.89,11641.54,144548.0
723,4,2026-04-30,140.3,13540.27,145354.0
724,4,2026-05-01,137.08,13036.3,146134.0
725,4,2026-05-04,127.55,12107.63,146908.0
726,4,2026-05-05,130.37,12434.42,147632.0
727,4,2026-05-07,146.67,14046.87,148435.0
728,4,2026-05-07,133.33,12675.71,149270.0
729,4,2026-05-08,125.49,11407.61,149981.0
730,4,2026-05-10,127.89,11961.58,150783.0
731,4,2026-05-15,122.74,11221.3,151484.0
732,4,2026-05-17,133.17,12255.56,152216.0
733,4,2026-05-19,145.94,13293.31,153076.0
734,4,2026-05-20,151.25,14560.18,153928.0
735,4,2026-05-22,139.42,13104.96,154683.0
736,4,2026-05-25,125.42,11553.46,155400.0
737,4,2026-05-26,131.32,12796.65,156142.0
738,4,2026-05-27,145.5,14238.17,156984.0
739,4,2026-05-28,132.93,12677.2,157747.0
740,4,2026-05-30,140.67,13760.53,158593.0
741,4,2026-05-31,131.61,12350.22,159326.0
742,4,2026-06-02,125.3,11602.56,160061.0
743,4,2026-06-06,130.58,12640.6,160775.0
744,4,2026-06-11,128.46,11944.29,161515.0
745,4,2026-06-11,117.88,10859.85,162235.0
746,4,2026-06-14,127.27,12008.03,162981.0
747,4,2026-06-17,142.78,13399.07,163780.0
748,4,2026-06-20,139.23,12901.89,164544.0
749,4,2026-06-22,124.13,11978.76,165235.0
750,4,2026-06-25,137.77,12951.07,166022.0
751,4,2026-06-26,125.79,12158.49,166758.0
752,4,2026-06-27,141.15,13534.36,167574.0
753,4,2026-06-29,129.12,12547.91,168330.0
754,4,2026-07-01,131.08,12059.02,169077.0
755,4,2026-07-04,128.72,12322.94,169821.0
756,4,2026-07-06,145.59,13491.1,170610.0
757,4,2026-07-08,139.11,13218.76,171359.0
758,4,2026-07-08,122.6,11873.5,172100.0
759,4,2026-07-11,135.18,12675.57,172847.0
760,4,2026-07-12,137.95,12805.65,173688.0
761,4,2026-07-16,133.99,12957.88,174450.0
762,4,2026-07-18,126.22,12346.79,175144.0
763,4,2026-07-21,127.19,12457.0,175910.0
764,4,2026-07-23,114.8,10993.85,176588.0
765,4,2026-07-25,137.34,12585.83,177330.0
766,4,2026-07-26,135.79,12911.2,178077.0
767,4,2026-07-29,127.02,12264.54,178845.0
768,4,2026-08-01,124.64,11835.28,179596.0
769,4,2026-08-03,129.18,11770.26,180385.0
770,4,2026-08-05,127.44,12029.48,181160.0
771,4,2026-08-07,112.81,10564.46,181865.0
772,4,2026-08-08,128.37,12047.29,182647.0
773,4,2026-08-09,128.51,12619.96,183368.0
774,4,2026-08-09,128.41,11887.1,184113.0
775,4,2026-08-10,152.4,14203.74,184958.0
776,4,2026-08-15,132.55,12939.93,185705.0
777,5,2025-08-22,138.08,12995.42,50806.0
778,5,2025-08-23,115.78,11086.33,51484.0
779,5,2025-08-25,139.26,13118.73,52278.0
780,5,2025-08-30,136.35,12371.67,53088.0
781,5,2025-09-02,123.24,11972.01,53847.0
782,5,2025-09-06,128.6,12286.32,54571.0
783,5,2025-09-09,135.56,12565.77,55365.0
784,5,2025-09-12,132.89,12320.51,56110.0
785,5,2025-09-14,148.52,13660.13,56945.0
786,5,2025-09-18,121.59,11128.99,57691.0
787,5,2025-09-21,122.64,11944.39,58444.0
788,5,2025-09-23,120.15,10955.64,59204.0
789,5,2025-09-25,123.47,11840.13,59997.0
790,5,2025-10-01,118.89,11195.53,60717.0
791,5,2025-10-03,125.62,11526.92,61429.0
792,5,2025-10-05,122.73,11720.17,62187.0
793,5,2025-10-07,115.42,10931.81,62871.0
794,5,2025-10-09,141.72,13294.53,63682.0
795,5,2025-10-13,125.92,11724.62,64471.0
796,5,2025-10-14,109.36,9993.41,65178.0
797,5,2025-10-18,136.83,13356.73,65940.0
798,5,2025-10-20,129.57,12245.09,66692.0
799,5,2025-10-22,150.48,14118.94,67540.0
800,5,2025-10-28,126.89,11981.62,68342.0
801,5,2025-11-01,142.39,13056.65,69160.0
802,5,2025-11-04,131.79,11957.28,69945.0
803,5,2025-11-07,130.24,12547.5,70677.0
804,5,2025-11-09,140.89,13304.65,71491.0
805,5,2025-11-11,132.87,12181.41,72306.0
806,5,2025-11-14,127.27,11881.9,73066.0
807,5,2025-11-17,134.17,12949.53,73861.0
808,5,2025-11-17,125.95,11446.4,74603.0
809,5,2025-11-24,136.09,13070.1,75423.0
810,5,2025-11-25,133.63,12556.24,76210.0
811,5,2025-11-29,134.91,12459.28,76982.0
812,5,2025-12-01,105.82,10353.71,77667.0
813,5,2025-12-03,132.14,12466.58,78444.0
814,5,2025-12-03,111.05,10108.01,79153.0
815,5,2025-12-06,121.72,11733.19,79945.0
816,5,2025-12-10,114.27,10841.38,80677.0
817,5,2025-12-13,122.17,11825.14,81436.0
818,5,2025-12-16,147.61,13513.79,82278.0
819,5,2025-12-19,128.38,12456.11,83082.0
820,5,2025-12-24,121.71,11117.99,83838.0
821,5,2025-12-26,122.28,11323.7,84578.0
822,5,2025-12-28,125.03,11744.23,85369.0
823,5,2025-12-29,134.62,12256.71,86190.0
824,5,2025-12-31,119.8,10946.78,86945.0
825,5,2026-01-05,143.05,13344.84,87744.0
826,5,2026-01-08,129.39,11880.71,88530.0
827,5,2026-01-11,129.04,12036.15,89327.0
828,5,2026-01-14,131.52,12069.56,90121.0
829,5,2026-01-15,137.95,12937.0,90926.0
830,5,2026-01-18,131.16,12041.65,91683.0
831,5,2026-01-20,107.97,9801.16,92374.0
832,5,2026-01-21,133.81,12994.86,93128.0
833,5,2026-01-24,131.19,11942.73,93909.0
834,5,2026-01-28,119.99,11753.77,94650.0
835,5,2026-01-30,133.1,12158.86,95393.0
836,5,2026-02-02,126.3,11891.42,96111.0
837,5,2026-02-04,136.07,13343.71,96889.0
838,5,2026-02-06,141.61,13047.5,97699.0
839,5,2026-02-12,128.38,12538.8,98439.0
840,5,2026-02-15,126.11,11794.26,99180.0
841,5,2026-02-17,140.19,13461.26,99991.0
842,5,2026-02-21,129.35,12143.54,100724.0
843,5,2026-02-23,129.78,12652.9,101465.0
844,5,2026-02-27,124.63,12116.99,102252.0
845,5,2026-03-01,123.97,11500.7,103056.0
846,5,2026-03-03,119.35,11199.65,103751.0
847,5,2026-03-08,143.99,13807.62,104598.0
848,5,2026-03-10,123.77,11362.17,105332.0
849,5,2026-03-13,120.53,11714.33,106078.0
850,5,2026-03-17,109.72,10206.49,106756.0
851,5,2026-03-19,149.11,13637.98,107612.0
852,5,2026-03-20,123.64,11582.3,108393.0
853,5,2026-03-25,142.97,13212.39,109221.0
854,5,2026-03-30,114.66,10608.76,109943.0
855,5,2026-04-02,131.49,12696.12,110735.0
856,5,2026-04-04,126.91,12185.01,111535.0
857,5,2026-04-06,114.84,11130.19,112284.0
858,5,2026-04-09,109.3,10552.67,112982.0
859,5,2026-04-13,125.92,12307.93,113771.0
860,5,2026-04-16,129.98,11935.67,114534.0
861,5,2026-04-17,119.64,11727.94,115313.0
862,5,2026-04-20,128.22,11740.45,116090.0
863,5,2026-04-22,131.55,12630.41,116900.0
864,5,2026-04-26,117.23,11237.75,117597.0
865,5,2026-04-28,135.71,13255.78,118367.0
866,5,2026-04-29,120.01,11470.06,119137.0
867,5,2026-04-30,123.92,11343.75,119895.0
868,5,2026-05-05,133.27,12468.17,120681.0
869,5,2026-05-05,118.36,11179.23,121380.0
870,5,2026-05-09,144.78,13982.21,122188.0
871,5,2026-05-14,113.67,10914.76,122926.0
872,5,2026-05-16,131.48,12644.22,123692.0
873,5,2026-05-21,134.49,12817.73,124465.0
874,5,2026-05-25,128.57,12295.84,125269.0
875,5,2026-05-29,126.41,12418.36,126016.0
876,5,2026-05-31,128.29,12122.54,126813.0
877,5,2026-06-03,131.54,11976.43,127575.0
878,5,2026-06-06,150.08,14524.75,128447.0
879,5,2026-06-07,148.52,14450.75,129281.0
880,5,2026-06-11,141.54,13198.4,130070.0
881,5,2026-06-12,143.02,13373.09,130873.0
882,5,2026-06-15,131.24,12751.71,131640.0
883,5,2026-06-17,141.56,12849.6,132443.0
884,5,2026-06-19,119.69,11645.35,133173.0
885,5,2026-06-22,127.25,12167.73,133932.0
886,5,2026-06-27,112.66,11022.67,134649.0
887,5,2026-06-28,140.93,13404.52,135501.0
888,5,2026-07-01,111.68,10773.41,136181.0
889,5,2026-07-03,130.26,12624.23,136928.0
890,5,2026-07-05,127.52,11989.44,137742.0
891,5,2026-07-06,139.26,12661.1,138547.0
892,5,2026-07-09,123.95,11247.86,139299.0
893,5,2026-07-14,123.04,11947.39,140026.0
894,5,2026-07-19,130.84,11936.0,140774.0
895,5,2026-07-23,121.38,11811.71,141559.0
896,5,2026-07-24,118.16,11082.25,142268.0
897,5,2026-07-27,122.4,11423.17,142999.0
898,5,2026-07-30,128.57,12141.51,143775.0
899,5,2026-08-01,126.03,11513.86,144498.0
900,5,2026-08-03,126.23,11820.05,145302.0
901,5,2026-08-05,123.19,11269.82,145999.0
902,5,2026-08-08,118.83,11369.15,146720.0
903,5,2026-08-10,37.21,3383.39,146951.0
904,5,2026-08-15,117.35,11209.62,147661.0
905,6,2025-08-21,245.7,23772.58,51125.0
906,6,2025-08-22,269.16,26081.96,52248.0
907,6,2025-08-25,364.64,35465.82,54021.0
908,6,2025-08-30,272.04,25437.07,55159.0
909,6,2025-09-04,102.89,9901.77,55597.0
910,6,2025-09-07,424.9,40894.07,57422.0
911,6,2025-09-08,244.48,22269.29,58549.0
912,6,2025-09-09,381.12,35921.08,60380.0
913,6,2025-09-12,263.66,25359.59,61498.0
914,6,2025-09-14,244.97,22574.2,62577.0
915,6,2025-09-15,101.64,9782.81,63031.0
916,6,2025-09-18,420.4,38971.5,64856.0
917,6,2025-09-22,274.35,25474.02,66009.0
918,6,2025-09-24,102.51,9589.08,66462.0
919,6,2025-09-26,100.93,9390.09,66906.0
920,6,2025-09-28,404.51,38545.53,68764.0
921,6,2025-09-29,105.09,9674.83,69218.0
922,6,2025-10-01,101.79,9882.99,69657.0
923,6,2025-10-02,223.29,20898.16,70738.0
924,6,2025-10-03,240.84,22901.19,71835.0
925,6,2025-10-05,402.99,38054.93,73683.0
926,6,2025-10-11,257.28,25212.09,74828.0
927,6,2025-10-16,92.72,8579.43,75266.0
928,6,2025-10-19,229.82,20982.11,76350.0
929,6,2025-10-23,252.79,23008.64,77477.0
930,6,2025-10-24,259.03,24508.92,78637.0
931,6,2025-10-25,248.07,22946.43,79776.0
932,6,2025-10-29,510.13,48938.21,82197.0
933,6,2025-11-01,380.96,36506.01,84017.0
934,6,2025-11-05,386.81,36565.97,85829.0
935,6,2025-11-08,243.62,22391.09,86983.0
936,6,2025-11-10,95.64,8942.51,87429.0
937,6,2025-11-14,540.09,52971.71,89968.0
938,6,2025-11-16,90.08,8322.14,90399.0
939,6,2025-11-17,99.97,9455.68,90838.0
940,6,2025-11-18,424.31,38518.95,92631.0
941,6,2025-11-20,392.51,36430.62,94379.0
942,6,2025-11-22,98.04,9456.19,94829.0
943,6,2025-11-24,247.61,24270.56,95977.0
944,6,2025-11-27,269.37,26027.99,97147.0
945,6,2025-11-29,402.74,37157.38,98972.0
946,6,2025-12-03,262.73,24255.3,100123.0
947,6,2025-12-06,522.79,48405.89,102591.0
948,6,2025-12-07,367.8,34286.01,104369.0
949,6,2025-12-09,228.45,21739.83,105480.0
950,6,2025-12-12,92.68,8841.4,105922.0
951,6,2025-12-15,260.13,23968.87,107050.0
952,6,2025-12-18,555.3,51855.66,109569.0
953,6,2025-12-20,93.17,8883.13,110010.0
954,6,2025-12-23,238.68,21833.95,111138.0
955,6,2025-12-24,256.84,24836.18,112226.0
956,6,2025-12-25,265.34,25149.13,113365.0
957,6,2025-12-28,360.57,34272.06,115123.0
958,6,2026-01-03,383.24,37440.97,116926.0
959,6,2026-01-05,545.05,49884.02,119474.0
960,6,2026-01-06,379.66,34861.64,121326.0
961,6,2026-01-10,428.73,40816.56,123173.0
962,6,2026-01-11,413.69,38620.95,124999.0
963,6,2026-01-14,90.96,8910.29,125435.0
964,6,2026-01-16,261.05,25260.82,126547.0
965,6,2026-01-21,412.55,40352.37,128371.0
966,6,2026-01-23,240.43,22094.79,129505.0
967,6,2026-01-25,392.23,38462.49,131308.0
968,6,2026-01-28,248.77,23145.03,132482.0
969,6,2026-01-30,237.82,22158.88,133625.0
970,6,2026-02-04,508.81,46885.24,136098.0
971,6,2026-02-05,246.95,22502.92,137233.0
972,6,2026-02-09,594.03,57650.18,139756.0
973,6,2026-02-10,425.96,41473.16,141574.0
974,6,2026-02-11,404.7,37638.34,143429.0
975,6,2026-02-14,431.17,40040.84,145250.0
976,6,2026-02-16,235.02,21636.94,146399.0
977,6,2026-02-19,413.62,38592.03,148167.0
978,6,2026-02-22,421.69,40241.42,149980.0
979,6,2026-02-27,242.74,22480.26,151138.0
980,6,2026-03-02,371.92,36092.28,152956.0
981,6,2026-03-05,421.85,39055.11,154781.0
982,6,2026-03-08,376.2,35223.42,156550.0
983,6,2026-03-10,266.09,25752.17,157673.0
984,6,2026-03-12,430.8,39926.74,159513.0
985,6,2026-03-13,427.95,38987.88,161373.0
986,6,2026-03-16,266.5,24680.16,162518.0
987,6,2026-03-17,376.35,35787.06,164343.0
988,6,2026-03-18,524.12,48300.3,166859.0
989,6,2026-03-22,229.59,21925.69,167968.0
990,6,2026-03-23,430.35,39042.85,169833.0
991,6,2026-03-26,237.04,22638.71,170960.0
992,6,2026-03-28,243.6,22223.9,172085.0
993,6,2026-03-31,267.05,24907.66,173213.0
994,6,2026-04-02,265.18,24229.01,174376.0
995,6,2026-04-04,241.41,22250.96,175504.0
996,6,2026-04-05,396.15,37016.22,177306.0
997,6,2026-04-07,525.61,49036.41,179815.0
998,6,2026-04-12,544.53,51173.99,182335.0
999,6,2026-04-14,410.11,38567.26,184165.0
1000,6,2026-04-17,251.48,24196.22,185267.0
1001,6,2026-04-19,407.65,39151.11,187082.0
1002,6,2026-04-21,422.27,39279.15,188913.0
1003,6,2026-04-24,384.47,37246.35,190739.0
1004,6,2026-04-26,406.16,37161.96,192526.0
1005,6,2026-04-29,383.98,36526.63,194354.0
1006,6,2026-05-03,239.94,22294.21,195433.0
1007,6,2026-05-04,224.34,20494.53,196529.0
1008,6,2026-05-08,412.01,38613.31,198327.0
1009,6,2026-05-10,565.19,52489.32,200838.0
1010,6,2026-05-12,406.98,37394.39,202696.0
1011,6,2026-05-14,600.72,58224.52,205264.0
1012,6,2026-05-17,370.88,34492.53,207044.0
1013,6,2026-05-18,233.11,22238.72,208155.0
1014,6,2026-05-25,420.42,39525.69,209988.0
1015,6,2026-05-26,254.47,24285.99,211151.0
1016,6,2026-05-28,262.77,24130.38,212298.0
1017,6,2026-05-30,104.32,9937.04,212737.0
1018,6,2026-06-02,261.25,24603.12,213883.0
1019,6,2026-06-03,107.02,10479.2,214332.0
1020,6,2026-06-04,95.59,8869.63,214776.0
1021,6,2026-06-07,435.73,42714.21,216592.0
1022,6,2026-06-09,254.5,24472.66,217686.0
1023,6,2026-06-14,419.28,38349.09,219461.0
1024,6,2026-06-16,408.58,39792.59,221294.0
1025,6,2026-06-18,371.95,34875.4,223082.0
1026,6,2026-06-19,267.21,24717.79,224214.0
1027,6,2026-06-24,410.91,40179.08,226051.0
1028,6,2026-06-26,261.79,24041.17,227187.0
1029,6,2026-06-29,245.08,23980.47,228309.0
1030,6,2026-07-01,418.92,39998.6,230099.0
1031,6,2026-07-03,236.85,21736.92,231255.0
1032,6,2026-07-07,265.71,26048.59,232373.0
1033,6,2026-07-09,376.39,35673.41,234164.0
1034,6,2026-07-10,264.86,25656.91,235301.0
1035,6,2026-07-11,394.73,36737.36,237111.0
1036,6,2026-07-14,424.38,40847.3,238985.0
1037,6,2026-07-19,250.75,24473.21,240089.0
1038,6,2026-07-24,254.77,24865.74,241198.0
1039,6,2026-07-25,373.77,35431.75,243010.0
1040,6,2026-07-26,412.28,37820.23,244869.0
1041,6,2026-07-30,383.39,35760.95,246609.0
1042,6,2026-07-31,420.86,38345.4,248404.0
1043,6,2026-08-03,420.77,40395.55,250202.0
1044,6,2026-08-06,261.97,23803.04,251318.0
1045,6,2026-08-08,104.17,9564.11,251754.0
1046,6,2026-08-09,267.44,24540.29,252902.0
1047,6,2026-08-11,527.7,49254.85,255403.0
1048,6,2026-08-14,382.14,37010.67,257140.0
1049,7,2025-08-23,276.09,26060.45,51142.0
1050,7,2025-08-24,447.57,43829.57,52949.0
1051,7,2025-08-26,429.23,39974.63,54729.0
1052,7,2025-08-27,263.86,25249.52,55889.0
1053,7,2025-08-29,626.0,59210.86,58400.0
1054,7,2025-09-03,440.66,42135.76,60137.0
1055,7,2025-09-07,444.11,41832.53,61924.0
1056,7,2025-09-10,436.02,41131.36,63750.0
1057,7,2025-09-14,266.33,25471.34,64911.0
1058,7,2025-09-18,411.35,40160.49,66680.0
1059,7,2025-09-21,412.83,39368.99,68539.0
1060,7,2025-09-24,444.78,40588.15,70384.0
1061,7,2025-10-03,440.23,42206.73,72169.0
1062,7,2025-10-05,606.03,57960.62,74645.0
1063,7,2025-10-07,414.25,39794.99,76457.0
1064,7,2025-10-08,408.62,39587.81,78217.0
1065,7,2025-10-13,262.22,24531.98,79319.0
1066,7,2025-10-14,262.37,25109.06,80409.0
1067,7,2025-10-15,404.86,37789.42,82196.0
1068,7,2025-10-18,258.9,24866.35,83283.0
1069,7,2025-10-21,409.36,37356.35,85112.0
1070,7,2025-10-23,275.7,26912.12,86215.0
1071,7,2025-10-28,413.06,39912.5,88077.0
1072,7,2025-10-29,425.83,41012.99,89850.0
1073,7,2025-11-01,269.49,24779.58,90939.0
1074,7,2025-11-08,106.58,9940.41,91381.0
1075,7,2025-11-10,456.82,44290.27,93207.0
1076,7,2025-11-15,437.38,41704.23,94975.0
1077,7,2025-11-16,425.55,40478.12,96823.0
1078,7,2025-11-18,605.34,56538.7,99303.0
1079,7,2025-11-25,244.68,22956.98,100415.0
1080,7,2025-11-29,413.7,39633.76,102197.0
1081,7,2025-12-01,396.62,38249.19,103938.0
1082,7,2025-12-03,626.32,58406.5,106395.0
1083,7,2025-12-07,425.39,40170.73,108255.0
1084,7,2025-12-09,280.88,27404.58,109367.0
1085,7,2025-12-12,418.81,38419.83,111203.0
1086,7,2025-12-14,109.71,10605.71,111640.0
1087,7,2025-12-17,628.73,61591.24,114133.0
1088,7,2025-12-18,456.74,44287.79,115941.0
1089,7,2025-12-20,572.17,55478.04,118458.0
1090,7,2025-12-21,249.55,22790.75,119570.0
1091,7,2025-12-24,459.02,44672.16,121386.0
1092,7,2025-12-27,431.18,41922.74,123240.0
1093,7,2025-12-28,266.32,25875.3,124317.0
1094,7,2026-01-01,455.83,44641.57,126123.0
1095,7,2026-01-05,98.58,9063.75,126567.0
1096,7,2026-01-06,631.65,59323.99,129043.0
1097,7,2026-01-13,438.59,40510.29,130776.0
1098,7,2026-01-17,563.09,54664.44,133217.0
1099,7,2026-01-19,408.57,40117.39,135008.0
1100,7,2026-01-21,297.4,28113.29,136165.0
1101,7,2026-01-25,298.26,27179.85,137330.0
1102,7,2026-01-26,628.99,58651.66,139877.0
1103,7,2026-01-29,109.87,9989.25,140326.0
1104,7,2026-02-01,111.43,10557.19,140772.0
1105,7,2026-02-07,572.61,53754.33,143279.0
1106,7,2026-02-09,440.65,42232.55,145069.0
1107,7,2026-02-11,100.27,9475.89,145516.0
1108,7,2026-02-16,398.29,36893.7,147311.0
1109,7,2026-02-21,424.35,38929.25,149108.0
1110,7,2026-02-22,463.51,42269.07,150918.0
1111,7,2026-02-25,105.41,10074.04,151358.0
1112,7,2026-03-01,99.14,9042.48,151797.0
1113,7,2026-03-05,274.98,26721.46,152889.0
1114,7,2026-03-05,282.66,27700.39,154045.0
1115,7,2026-03-07,414.51,38580.01,155878.0
1116,7,2026-03-10,253.43,24379.13,156986.0
1117,7,2026-03-13,254.74,23311.53,158090.0
1118,7,2026-03-18,423.94,41251.12,159911.0
1119,7,2026-03-20,425.17,39841.22,161757.0
1120,7,2026-03-21,97.31,9042.65,162201.0
1121,7,2026-03-22,406.97,37954.41,164020.0
1122,7,2026-03-27,460.48,43358.99,165821.0
1123,7,2026-03-29,254.35,24460.95,166956.0
1124,7,2026-03-31,455.92,41801.47,168816.0
1125,7,2026-04-03,267.46,24986.52,169922.0
1126,7,2026-04-09,259.77,23733.57,171082.0
1127,7,2026-04-14,452.81,41341.5,172898.0
1128,7,2026-04-17,456.54,44544.83,174752.0
1129,7,2026-04-21,430.81,40634.21,176564.0
1130,7,2026-04-26,445.99,43376.42,178320.0
1131,7,2026-04-27,596.13,56175.16,180823.0
1132,7,2026-04-30,408.31,37699.91,182646.0
1133,7,2026-05-01,266.38,25321.13,183759.0
1134,7,2026-05-04,444.34,42997.02,185584.0
1135,7,2026-05-06,252.71,23835.88,186684.0
1136,7,2026-05-09,258.26,23657.27,187809.0
1137,7,2026-05-13,264.06,25431.04,188952.0
1138,7,2026-05-16,295.09,28574.13,190111.0
1139,7,2026-05-20,269.69,26078.18,191218.0
1140,7,2026-05-22,567.93,53834.76,193690.0
1141,7,2026-05-29,588.78,57751.29,196164.0
1142,7,2026-06-01,605.78,58289.86,198599.0
1143,7,2026-06-05,407.98,38966.1,200385.0
1144,7,2026-06-08,415.74,39239.03,202175.0
1145,7,2026-06-10,430.47,41069.65,203980.0
1146,7,2026-06-12,449.6,42621.09,205791.0
1147,7,2026-06-15,400.69,37535.78,207547.0
1148,7,2026-06-16,397.23,38740.98,209350.0
1149,7,2026-06-24,265.05,25582.3,210446.0
1150,7,2026-06-30,579.38,55515.0,212899.0
1151,7,2026-07-02,253.44,24799.33,214008.0
1152,7,2026-07-03,272.53,26469.91,215149.0
1153,7,2026-07-05,535.04,52491.26,217588.0
1154,7,2026-07-07,284.73,25991.56,218702.0
1155,7,2026-07-10,405.57,38506.69,220492.0
1156,7,2026-07-13,569.08,54581.52,223008.0
1157,7,2026-07-13,430.73,41188.61,224859.0
1158,7,2026-07-15,620.34,59437.06,227362.0
1159,7,2026-07-19,256.44,24736.4,228478.0
1160,7,2026-07-23,442.82,43316.59,230353.0
1161,7,2026-07-27,572.4,54950.69,232774.0
1162,7,2026-07-28,451.11,43985.67,234626.0
1163,7,2026-08-01,282.73,27357.19,235730.0
1164,7,2026-08-02,287.65,27086.1,236893.0
1165,7,2026-08-06,430.47,39082.06,238651.0
1166,7,2026-08-10,399.47,38522.85,240467.0
1167,7,2026-08-12,435.73,42724.85,242299.0
1168,7,2026-08-15,446.49,41501.04,244093.0
1169,8,2025-08-28,383.0,35809.04,51413.0
1170,8,2025-08-31,400.67,36396.45,52926.0
1171,8,2025-09-03,312.49,30446.53,54196.0
1172,8,2025-09-06,431.13,40445.0,55821.0
1173,8,2025-09-09,286.42,26540.51,56906.0
1174,8,2025-09-10,227.39,21373.72,57821.0
1175,8,2025-09-13,270.99,26524.89,58885.0
1176,8,2025-09-15,330.46,30625.52,60236.0
1177,8,2025-09-18,416.83,38177.42,61827.0
1178,8,2025-09-23,452.71,42788.69,63425.0
1179,8,2025-09-26,348.15,32191.57,64692.0
1180,8,2025-09-29,338.48,32694.23,66015.0
1181,8,2025-10-04,333.35,30806.7,67250.0
1182,8,2025-10-07,336.82,30898.63,68537.0
1183,8,2025-10-10,350.32,33827.21,69835.0
1184,8,2025-10-14,173.01,16030.76,70477.0
1185,8,2025-10-15,361.86,34575.93,71798.0
1186,8,2025-10-18,301.42,29534.04,72989.0
1187,8,2025-10-20,288.02,27092.24,74033.0
1188,8,2025-10-21,367.07,35635.81,75483.0
1189,8,2025-10-23,324.8,29520.67,76762.0
1190,8,2025-10-26,258.74,25301.8,77811.0
1191,8,2025-11-03,303.13,28672.46,79050.0
1192,8,2025-11-06,317.27,29376.4,80307.0
1193,8,2025-11-07,395.31,37922.72,81714.0
1194,8,2025-11-13,219.45,21214.35,82606.0
1195,8,2025-11-15,276.28,26306.35,83662.0
1196,8,2025-11-18,332.84,30813.34,85023.0
1197,8,2025-11-22,407.45,38381.54,86477.0
1198,8,2025-11-24,432.27,39720.44,88062.0
1199,8,2025-11-28,288.58,27202.91,89107.0
1200,8,2025-12-01,315.35,30501.28,90222.0
1201,8,2025-12-02,275.89,25316.8,91321.0
1202,8,2025-12-06,442.66,42405.8,92908.0
1203,8,2025-12-12,292.98,28399.09,94092.0
1204,8,2025-12-13,270.81,24703.68,95190.0
1205,8,2025-12-14,242.04,22008.92,96090.0
1206,8,2025-12-21,301.14,27884.01,97236.0
1207,8,2025-12-22,387.88,35786.77,98676.0
1208,8,2025-12-26,316.48,29019.14,99906.0
1209,8,2025-12-28,405.0,37688.37,101335.0
1210,8,2025-12-30,416.61,39129.64,102882.0
1211,8,2026-01-08,317.15,31040.81,104058.0
1212,8,2026-01-12,447.17,42462.42,105676.0
1213,8,2026-01-15,300.03,28181.3,106850.0
1214,8,2026-01-17,311.36,28502.38,107974.0
1215,8,2026-01-19,286.18,27306.04,109033.0
1216,8,2026-01-21,351.98,32308.73,110421.0
1217,8,2026-01-23,336.45,32687.23,111693.0
1218,8,2026-01-29,258.31,24290.65,112705.0
1219,8,2026-01-30,405.46,37256.29,114237.0
1220,8,2026-02-03,319.11,30456.75,115408.0
1221,8,2026-02-04,232.99,21612.13,116289.0
1222,8,2026-02-11,339.47,31265.97,117489.0
1223,8,2026-02-14,253.4,23654.04,118512.0
1224,8,2026-02-16,291.68,28281.34,119604.0
1225,8,2026-02-19,408.92,40031.18,121111.0
1226,8,2026-02-21,247.71,22793.3,121999.0
1227,8,2026-02-24,309.74,30267.69,123208.0
1228,8,2026-02-28,380.03,36984.54,124696.0
1229,8,2026-03-02,249.75,24324.09,125632.0
1230,8,2026-03-03,257.42,24054.8,126564.0
1231,8,2026-03-07,307.72,28749.26,127661.0
1232,8,2026-03-08,444.26,41893.3,129296.0
1233,8,2026-03-15,296.93,27577.48,130427.0
1234,8,2026-03-22,440.91,40881.57,132086.0
1235,8,2026-03-25,219.45,20616.97,132987.0
1236,8,2026-03-29,316.8,28760.78,134284.0
1237,8,2026-04-02,385.09,36525.52,135774.0
1238,8,2026-04-03,256.15,24538.39,136680.0
1239,8,2026-04-06,398.78,38596.57,138125.0
1240,8,2026-04-09,303.31,28038.56,139284.0
1241,8,2026-04-12,359.95,35009.05,140569.0
1242,8,2026-04-13,297.87,27249.04,141795.0
1243,8,2026-04-21,305.74,29693.31,143053.0
1244,8,2026-04-24,315.89,30710.62,144260.0
1245,8,2026-04-26,215.47,20124.1,145040.0
1246,8,2026-04-30,375.65,34202.2,146444.0
1247,8,2026-05-02,280.66,27231.04,147591.0
1248,8,2026-05-04,316.27,30203.85,148866.0
1249,8,2026-05-07,358.64,33730.18,150236.0
1250,8,2026-05-11,284.35,26088.5,151335.0
1251,8,2026-05-15,377.99,35139.27,152725.0
1252,8,2026-05-17,368.66,35601.65,154086.0
1253,8,2026-05-21,327.62,29866.81,155408.0
1254,8,2026-05-27,331.19,32495.41,156619.0
1255,8,2026-05-28,323.48,30898.47,157900.0
1256,8,2026-06-03,446.87,43708.64,159485.0
1257,8,2026-06-09,331.11,30933.55,160731.0
1258,8,2026-06-11,381.05,36833.84,162196.0
1259,8,2026-06-12,396.11,36727.64,163680.0
1260,8,2026-06-13,464.33,43303.87,165383.0
1261,8,2026-06-16,274.97,26501.06,166411.0
1262,8,2026-06-17,441.54,41238.47,168034.0
1263,8,2026-06-18,378.09,36803.93,169419.0
1264,8,2026-06-24,362.83,33445.91,170809.0
1265,8,2026-06-27,237.84,23148.41,171714.0
1266,8,2026-06-30,406.5,37204.6,173273.0
1267,8,2026-07-02,350.24,32157.76,174687.0
1268,8,2026-07-04,269.98,24822.26,175651.0
1269,8,2026-07-08,328.73,31476.76,176922.0
1270,8,2026-07-14,324.79,29716.29,178161.0
1271,8,2026-07-17,472.16,43800.28,179843.0
1272,8,2026-07-20,260.22,24151.53,180791.0
1273,8,2026-07-21,362.3,35395.89,182219.0
1274,8,2026-07-24,377.0,34484.02,183615.0
1275,8,2026-07-28,324.36,29993.04,184837.0
1276,8,2026-08-01,416.82,40854.47,186313.0
1277,8,2026-08-04,246.5,22615.79,187330.0
1278,8,2026-08-07,291.22,27746.85,188431.0
1279,8,2026-08-08,333.36,31880.62,189702.0
1280,8,2026-08-13,332.97,30634.62,190950.0
1281,9,2025-08-24,108.23,10580.65,51147.0
1282,9,2025-08-26,164.56,15916.98,52878.0
1283,9,2025-08-27,40.63,3750.08,53325.0
1284,9,2025-08-29,102.25,9857.08,54450.0
1285,9,2025-09-01,39.79,3846.31,54889.0
1286,9,2025-09-01,103.07,9518.98,55968.0
1287,9,2025-09-03,114.57,10894.69,57121.0
1288,9,2025-09-08,110.13,10277.74,58220.0
1289,9,2025-09-12,158.56,14839.23,60026.0
1290,9,2025-09-13,168.7,15514.86,61814.0
1291,9,2025-09-14,102.63,9797.47,62947.0
1292,9,2025-09-16,179.25,17205.68,64702.0
1293,9,2025-09-19,257.64,24481.74,67223.0
1294,9,2025-09-22,185.83,18159.95,69037.0
1295,9,2025-09-23,100.1,9457.16,70138.0
1296,9,2025-09-25,177.64,16754.91,71891.0
1297,9,2025-09-27,112.34,10493.56,72988.0
1298,9,2025-09-28,110.71,10511.44,74139.0
1299,9,2025-09-29,106.38,9829.76,75246.0
1300,9,2025-10-02,160.07,15275.15,77057.0
1301,9,2025-10-04,108.31,10522.08,78200.0
1302,9,2025-10-05,156.86,14384.64,79958.0
1303,9,2025-10-06,259.61,25296.37,82486.0
1304,9,2025-10-09,115.42,11118.66,83618.0
1305,9,2025-10-13,159.3,15630.31,85420.0
1306,9,2025-10-17,42.69,4019.3,85856.0
1307,9,2025-10-21,43.66,4234.18,86306.0
1308,9,2025-10-24,171.67,16108.44,88102.0
1309,9,2025-10-27,38.5,3509.97,88541.0
1310,9,2025-10-29,160.44,15235.48,90319.0
1311,9,2025-11-02,102.28,9399.59,91469.0
1312,9,2025-11-03,170.99,16605.16,93258.0
1313,9,2025-11-04,106.12,9824.1,94400.0
1314,9,2025-11-08,174.51,16850.67,96212.0
1315,9,2025-11-10,229.92,20989.12,98733.0
1316,9,2025-11-10,44.85,4376.07,99182.0
1317,9,2025-11-11,112.87,10337.83,100288.0
1318,9,2025-11-11,42.61,4065.26,100739.0
1319,9,2025-11-15,40.13,3644.34,101184.0
1320,9,2025-11-17,108.61,10562.2,102273.0
1321,9,2025-11-20,187.96,17712.62,104118.0
1322,9,2025-11-23,162.57,15725.35,105920.0
1323,9,2025-11-26,219.92,20318.58,108378.0
1324,9,2025-11-28,163.33,15451.42,110227.0
1325,9,2025-11-29,242.17,22609.78,112772.0
1326,9,2025-12-02,169.88,16288.73,114607.0
1327,9,2025-12-03,254.68,23113.77,117102.0
1328,9,2025-12-04,42.92,3925.05,117547.0
1329,9,2025-12-07,98.57,9403.13,118664.0
1330,9,2025-12-11,41.17,3811.98,119120.0
1331,9,2025-12-14,105.35,10096.75,120205.0
1332,9,2025-12-15,168.9,15963.19,121994.0
1333,9,2025-12-17,163.85,15993.41,123831.0
1334,9,2025-12-20,181.68,16666.19,125660.0
1335,9,2025-12-21,184.59,18027.92,127511.0
1336,9,2025-12-25,112.18,10451.67,128641.0
1337,9,2025-12-26,178.41,17114.32,130462.0
1338,9,2025-12-28,157.35,14854.08,132213.0
1339,9,2025-12-31,99.87,9206.49,133303.0
1340,9,2026-01-02,43.31,3995.34,133751.0
1341,9,2026-01-03,156.69,15144.16,135506.0
1342,9,2026-01-05,175.3,17187.37,137362.0
1343,9,2026-01-07,108.48,10397.61,138491.0
1344,9,2026-01-09,233.06,22439.93,140914.0
1345,9,2026-01-12,105.76,9951.87,142018.0
1346,9,2026-01-16,188.52,17225.34,143863.0
1347,9,2026-01-18,110.88,10844.39,145000.0
1348,9,2026-01-21,246.77,24212.36,147534.0
1349,9,2026-01-24,46.74,4418.02,147992.0
1350,9,2026-01-25,179.33,16878.58,149830.0
1351,9,2026-01-27,99.72,9403.07,150927.0
1352,9,2026-01-30,116.43,10807.72,152064.0
1353,9,2026-01-31,183.65,16812.52,153882.0
1354,9,2026-02-03,230.65,22092.96,156361.0
1355,9,2026-02-03,116.59,10804.8,157507.0
1356,9,2026-02-06,114.35,10753.4,158621.0
1357,9,2026-02-09,107.32,9738.02,159791.0
1358,9,2026-02-10,172.6,16427.1,161608.0
1359,9,2026-02-12,104.65,10127.75,162735.0
1360,9,2026-02-16,41.62,4023.6,163181.0
1361,9,2026-02-19,188.31,18365.0,165016.0
1362,9,2026-02-24,179.72,17437.19,166829.0
1363,9,2026-02-27,111.54,10919.03,167969.0
1364,9,2026-03-01,171.28,15808.09,169776.0
1365,9,2026-03-03,114.53,10492.62,170928.0
1366,9,2026-03-07,103.46,9764.26,172034.0
1367,9,2026-03-08,190.98,17548.68,173894.0
1368,9,2026-03-10,97.02,9207.29,175000.0
1369,9,2026-03-11,227.55,21513.67,177406.0
1370,9,2026-03-13,179.6,16449.46,179208.0
1371,9,2026-03-14,165.71,15415.07,181054.0
1372,9,2026-03-15,249.82,23382.32,183566.0
1373,9,2026-03-17,232.33,22454.78,185975.0
1374,9,2026-03-19,118.14,11015.9,187145.0
1375,9,2026-03-21,110.26,10180.04,188248.0
1376,9,2026-03-25,43.56,4019.9,188691.0
1377,9,2026-03-28,117.28,10877.45,189848.0
1378,9,2026-04-01,179.21,16807.91,191638.0
1379,9,2026-04-04,39.84,3769.4,192083.0
1380,9,2026-04-07,174.77,16563.2,193852.0
1381,9,2026-04-09,189.45,18337.02,195731.0
1382,9,2026-04-09,44.42,4298.73,196181.0
1383,9,2026-04-11,164.39,15532.85,198043.0
1384,9,2026-04-13,165.75,15385.24,199902.0
1385,9,2026-04-14,104.97,9876.27,201051.0
1386,9,2026-04-16,176.27,16968.29,202821.0
1387,9,2026-04-20,247.26,23665.62,205326.0
1388,9,2026-04-22,117.61,10922.13,206488.0
1389,9,2026-04-24,110.91,10130.76,207641.0
1390,9,2026-04-27,102.5,10004.53,208764.0
1391,9,2026-04-28,176.29,17159.21,210634.0
1392,9,2026-05-01,188.2,18081.01,212494.0
1393,9,2026-05-02,241.21,23230.37,214899.0
1394,9,2026-05-03,253.46,24590.98,217373.0
1395,9,2026-05-04,176.81,16739.88,219251.0
1396,9,2026-05-05,114.55,11019.5,220406.0
1397,9,2026-05-08,161.36,14846.57,222226.0
1398,9,2026-05-13,187.36,17886.88,224080.0
1399,9,2026-05-16,217.35,20924.55,226515.0
1400,9,2026-05-16,223.68,20642.24,228993.0
1401,9,2026-05-20,172.42,15866.4,230751.0
1402,9,2026-05-22,98.08,9427.39,231844.0
1403,9,2026-05-25,102.22,9708.86,232987.0
1404,9,2026-05-26,97.95,9403.1,234102.0
1405,9,2026-05-29,167.75,16448.43,235948.0
1406,9,2026-05-30,41.81,3879.26,236403.0
1407,9,2026-06-01,117.44,10966.33,237558.0
1408,9,2026-06-03,185.99,17551.93,239387.0
1409,9,2026-06-04,181.28,17359.82,241195.0
1410,9,2026-06-07,175.79,16565.58,242974.0
1411,9,2026-06-08,170.83,15881.1,244799.0
1412,9,2026-06-12,111.82,10853.03,245965.0
1413,9,2026-06-15,43.71,4098.43,246397.0
1414,9,2026-06-20,232.23,22214.42,248887.0
1415,9,2026-06-22,185.96,18022.44,250716.0
1416,9,2026-06-24,177.48,16637.39,252507.0
1417,9,2026-06-26,178.49,17163.27,254291.0
1418,9,2026-06-28,104.13,9644.95,255402.0
1419,9,2026-06-30,162.15,15143.03,257238.0
1420,9,2026-07-05,165.72,15957.75,258978.0
1421,9,2026-07-06,116.55,10696.48,260137.0
1422,9,2026-07-08,106.41,10362.04,261289.0
1423,9,2026-07-11,99.86,9334.07,262415.0
1424,9,2026-07-13,41.52,3935.24,262846.0
1425,9,2026-07-14,233.37,22218.21,265285.0
1426,9,2026-07-16,115.42,10879.35,266408.0
1427,9,2026-07-17,107.35,9853.6,267493.0
1428,9,2026-07-18,41.47,3977.64,267933.0
1429,9,2026-07-20,245.01,22994.46,270429.0
1430,9,2026-07-23,175.73,16654.92,272247.0
1431,9,2026-07-24,112.43,10566.81,273400.0
1432,9,2026-07-25,156.59,14655.19,275177.0
1433,9,2026-07-26,164.59,15447.69,277011.0
1434,9,2026-07-27,222.72,20268.37,279466.0
1435,9,2026-08-02,184.91,16897.66,281319.0
1436,9,2026-08-04,160.69,14685.91,283135.0
1437,9,2026-08-06,183.62,17796.95,284921.0
1438,9,2026-08-08,226.4,20572.66,287400.0
1439,9,2026-08-11,220.14,20157.25,289866.0
1440,9,2026-08-15,246.9,23146.67,292390.0
1441,10,2025-08-23,74.95,6982.68,50734.0
1442,10,2025-08-25,77.39,7098.52,51515.0
1443,10,2025-08-27,77.71,7384.58,52295.0
1444,10,2025-09-02,79.27,7357.21,53092.0
1445,10,2025-09-04,77.61,7590.33,53839.0
1446,10,2025-09-07,75.28,7372.01,54582.0
1447,10,2025-09-13,73.43,7182.24,55324.0
1448,10,2025-09-17,83.18,7832.64,56120.0
1449,10,2025-09-23,75.24,7012.31,56839.0
1450,10,2025-09-25,93.85,9162.61,57696.0
1451,10,2025-09-27,85.82,7945.92,58478.0
1452,10,2025-09-28,89.82,8516.82,59317.0
1453,10,2025-10-02,73.41,7073.29,60013.0
1454,10,2025-10-05,82.95,7568.16,60805.0
1455,10,2025-10-09,73.83,7078.53,61549.0
1456,10,2025-10-15,83.71,7973.42,62345.0
1457,10,2025-10-20,91.22,8907.35,63201.0
1458,10,2025-10-22,75.41,7332.2,63987.0
1459,10,2025-10-25,85.35,8014.57,64806.0
1460,10,2025-10-29,79.31,7431.09,65572.0
1461,10,2025-11-01,66.47,6293.84,66263.0
1462,10,2025-11-03,84.77,8001.28,67052.0
1463,10,2025-11-08,82.6,7793.64,67903.0
1464,10,2025-11-10,70.69,6881.7,68644.0
1465,10,2025-11-18,77.49,7574.75,69385.0
1466,10,2025-11-21,78.65,7495.99,70119.0
1467,10,2025-11-23,77.68,7632.61,70859.0
1468,10,2025-11-24,87.85,8461.75,71674.0
1469,10,2025-11-25,89.36,8234.01,72505.0
1470,10,2025-11-28,72.11,7040.89,73252.0
1471,10,2025-11-30,77.43,7493.31,73979.0
1472,10,2025-12-12,78.39,7487.64,74739.0
1473,10,2025-12-16,83.49,7815.39,75528.0
1474,10,2025-12-23,78.49,7549.32,76260.0
1475,10,2025-12-26,77.9,7156.16,77001.0
1476,10,2025-12-29,75.39,7081.86,77753.0
1477,10,2025-12-31,82.34,7616.48,78543.0
1478,10,2026-01-02,81.35,7597.31,79283.0
1479,10,2026-01-06,68.66,6608.7,79979.0
1480,10,2026-01-08,73.97,6845.51,80750.0
1481,10,2026-01-13,75.9,6893.91,81444.0
1482,10,2026-01-19,77.67,7230.37,82188.0
1483,10,2026-01-26,76.5,7098.29,82993.0
1484,10,2026-01-30,69.12,6732.45,83722.0
1485,10,2026-02-02,73.32,7177.27,84478.0
1486,10,2026-02-03,88.89,8311.95,85351.0
1487,10,2026-02-11,73.76,6829.25,86047.0
1488,10,2026-02-12,88.92,8641.95,86917.0
1489,10,2026-02-14,74.21,6880.55,87704.0
1490,10,2026-02-16,79.11,7647.93,88504.0
1491,10,2026-02-20,73.49,7011.62,89284.0
1492,10,2026-02-22,80.4,7700.54,90074.0
1493,10,2026-02-24,71.83,6694.58,90809.0
1494,10,2026-02-25,81.61,7483.17,91556.0
1495,10,2026-03-01,75.62,7228.01,92300.0
1496,10,2026-03-08,76.16,7107.09,93054.0
1497,10,2026-03-10,74.27,6983.07,93794.0
1498,10,2026-03-13,81.33,7960.52,94610.0
1499,10,2026-03-20,77.56,7363.42,95392.0
1500,10,2026-03-28,72.17,7058.96,96125.0
1501,10,2026-03-30,89.8,8422.78,96951.0
1502,10,2026-03-31,74.32,7126.04,97698.0
1503,10,2026-04-01,78.87,7499.41,98436.0
1504,10,2026-04-02,82.07,7556.39,99226.0
1505,10,2026-04-05,86.22,8448.72,100029.0
1506,10,2026-04-16,74.03,7075.22,100809.0
1507,10,2026-04-19,86.54,8394.08,101608.0
1508,10,2026-04-22,82.43,7832.51,102399.0
1509,10,2026-04-26,83.68,7982.92,103266.0
1510,10,2026-04-27,84.51,8236.06,104094.0
1511,10,2026-04-29,84.13,7768.87,104922.0
1512,10,2026-05-04,80.24,7645.56,105669.0
1513,10,2026-05-11,77.74,7592.24,106466.0
1514,10,2026-05-14,81.53,7668.83,107313.0
1515,10,2026-05-16,82.29,7954.84,108111.0
1516,10,2026-05-25,79.09,7724.9,108890.0
1517,10,2026-05-27,87.39,7983.29,109707.0
1518,10,2026-05-28,83.02,7954.62,110531.0
1519,10,2026-06-02,79.02,7721.54,111368.0
1520,10,2026-06-07,87.75,8439.82,112182.0
1521,10,2026-06-12,79.47,7237.28,112949.0
1522,10,2026-06-15,81.41,7501.93,113706.0
1523,10,2026-06-16,83.06,7781.2,114474.0
1524,10,2026-06-19,72.95,7072.53,115218.0
1525,10,2026-06-24,75.28,6973.58,115946.0
1526,10,2026-06-26,83.48,8192.52,116740.0
1527,10,2026-06-28,76.58,7215.47,117475.0
1528,10,2026-07-02,78.82,7680.75,118291.0
1529,10,2026-07-03,76.92,7268.83,119057.0
1530,10,2026-07-07,74.04,7001.62,119825.0
1531,10,2026-07-08,80.39,7487.0,120563.0
1532,10,2026-07-19,77.93,7423.88,121378.0
1533,10,2026-07-21,65.78,6341.07,122056.0
1534,10,2026-07-24,72.22,6575.15,122820.0
1535,10,2026-07-27,79.52,7614.46,123553.0
1536,10,2026-08-01,86.14,7905.79,124379.0
1537,10,2026-08-05,82.66,7796.74,125171.0
1538,10,2026-08-10,81.37,7556.52,125922.0
1539,10,2026-08-11,84.62,7753.92,126745.0
1540,10,2026-08-14,77.09,7174.11,127494.0
